<?xml version="1.0" encoding="UTF-8"?>
<beans xmlns="http://www.springframework.org/schema/beans"
	xmlns:xsi="http://www.w3.org/2001/XMLSchema-instance"
	xmlns:context="http://www.springframework.org/schema/context"
	xmlns:tx="http://www.springframework.org/schema/tx"
	xmlns:jee="http://www.springframework.org/schema/jee"
	xmlns:aop="http://www.springframework.org/schema/aop"
	xmlns:mvc="http://www.springframework.org/schema/mvc"
	xmlns:jaxws="http://cxf.apache.org/jaxws"
	xsi:schemaLocation="http://www.springframework.org/schema/jee http://www.springframework.org/schema/jee/spring-jee-3.0.xsd
		http://www.springframework.org/schema/aop http://www.springframework.org/schema/aop/spring-aop-3.0.xsd
		http://www.springframework.org/schema/mvc http://www.springframework.org/schema/mvc/spring-mvc-4.1.xsd
		http://www.springframework.org/schema/beans http://www.springframework.org/schema/beans/spring-beans-3.0.xsd
		http://cxf.apache.org/jaxws http://cxf.apache.org/schemas/jaxws.xsd
		http://www.springframework.org/schema/tx http://www.springframework.org/schema/tx/spring-tx-3.0.xsd
		http://www.springframework.org/schema/context http://www.springframework.org/schema/context/spring-context-3.0.xsd">

	<bean id="dbProperties"
		class="org.springframework.beans.factory.config.PropertyPlaceholderConfigurer">
		<property name="location" value="classpath:db.properties" />
		<property name="ignoreUnresolvablePlaceholders" value="true" />
	</bean>

	<bean id="dataSource" class="org.apache.commons.dbcp.BasicDataSource">
		<property name="driverClassName" value="${jdbc.driver}" />
		<property name="url" value="${jdbc.url}" />
		<property name="username" value="${jdbc.username}" />
		<property name="password" value="${jdbc.password}" />
		<property name="defaultAutoCommit" value="false" />
	</bean>

	<bean id="transactionManager"
		class="org.springframework.jdbc.datasource.DataSourceTransactionManager">
		<property name="dataSource" ref="dataSource" />
	</bean>
	
	<tx:annotation-driven transaction-manager="transactionManager"></tx:annotation-driven>
	
	
	
	<!-- 配置activiti相关内容 -->
	<bean id="processEngineConfiguration" 
			class="org.activiti.spring.SpringProcessEngineConfiguration">
        <property name="dataSource" ref="dataSource"/>
        <property name="transactionManager" ref="transactionManager"/>
        <property name="databaseSchemaUpdate" value="true"/>
        <property name="jobExecutorActivate" value="true"/>
	</bean>
	
    <bean id="processEngineFactory" class="org.activiti.spring.ProcessEngineFactoryBean">
        <property name="processEngineConfiguration" ref="processEngineConfiguration"/>
    </bean>

	<!-- 7大接口 -->
    <bean id="repositoryService" factory-bean="processEngineFactory" factory-method="getRepositoryService"/>
    <bean id="runtimeService" factory-bean="processEngineFactory" factory-method="getRuntimeService"/>
    <bean id="formService" factory-bean="processEngineFactory" factory-method="getFormService"/>
    <bean id="identityService" factory-bean="processEngineFactory" factory-method="getIdentityService"/>
    <bean id="taskService" factory-bean="processEngineFactory" factory-method="getTaskService"/>
    <bean id="historyService" factory-bean="processEngineFactory" factory-method="getHistoryService"/>
    <bean id="managementService" factory-bean="processEngineFactory" factory-method="getManagementService"/>

</beans>