<?xml version="1.0" encoding="UTF-8"?>
<beans xmlns="http://www.springframework.org/schema/beans"
	xmlns:xsi="http://www.w3.org/2001/XMLSchema-instance"
	xmlns:aop="http://www.springframework.org/schema/aop"
	xmlns:beans="http://cxf.apache.org/configuration/beans"
	xmlns:context="http://www.springframework.org/schema/context"
	xmlns:core="http://cxf.apache.org/core"
	xmlns:jaxrs="http://cxf.apache.org/jaxrs"
	xmlns:jaxws="http://cxf.apache.org/jaxws"
	xmlns:mvc="http://www.springframework.org/schema/mvc"
	xsi:schemaLocation="http://cxf.apache.org/configuration/beans http://cxf.apache.org/schemas/configuration/cxf-beans.xsd
		http://www.springframework.org/schema/aop http://www.springframework.org/schema/aop/spring-aop-4.1.xsd
		http://www.springframework.org/schema/mvc http://www.springframework.org/schema/mvc/spring-mvc-4.1.xsd
		http://cxf.apache.org/core http://cxf.apache.org/schemas/core.xsd
		http://www.springframework.org/schema/beans http://www.springframework.org/schema/beans/spring-beans.xsd
		http://cxf.apache.org/jaxws http://cxf.apache.org/schemas/jaxws.xsd
		http://cxf.apache.org/jaxrs http://cxf.apache.org/schemas/jaxrs-common.xsd
		http://www.springframework.org/schema/context http://www.springframework.org/schema/context/spring-context-4.1.xsd">
			
	<!-- 开启注解扫描：扫描包里面的所有类、方法、属性 上面的注解 -->
	<context:component-scan base-package="com.ph.activiti.*" />
	
	<!-- 配置SpringMVC的处理器映射器和处理器适配器
	 -->
	<mvc:annotation-driven ></mvc:annotation-driven>
	
	<!-- 配置视图解析器 -->
	<bean class="org.springframework.web.servlet.view.InternalResourceViewResolver">
		<property name="viewClass" value="org.springframework.web.servlet.view.JstlView" />
		<property name="prefix" value="/WEB-INF/ph_pages/"/>
		<property name="suffix" value=".jsp"/>
	</bean>
</beans>
